country,count(player)
Belgium,2239.3700000000003
Brazil,31449.89000000004
Canada,16220.680000000015
France,18861.64
Germany,44407.630000000034
Great Britain,8663.560000000007
India,29396.750000000025
Netherlands,4146.050000000002
Spain,6260.260000000002
Sweden,7662.520000000004
United States,50639.77999999998
